<environmentvariabledefinition schemaname="dluhc_SharePointListName">
  <description default="List where extract of all planning emails are stored.">
    <label description="List where extract of all planning emails are stored." languagecode="1033" />
  </description>
  <displayname default="SharePoint List Name">
    <label description="SharePoint List Name" languagecode="1033" />
  </displayname>
  <introducedversion>1.0.0.0</introducedversion>
  <iscustomizable>1</iscustomizable>
  <isrequired>0</isrequired>
  <secretstore>0</secretstore>
  <type>100000000</type>
</environmentvariabledefinition>