<environmentvariabledefinition schemaname="dluhc_EmailAcknowledgementRequired">
  <defaultvalue>no</defaultvalue>
  <description default="Yes if you want to send acknowledgment of the email received.">
    <label description="Yes if you want to send acknowledgment of the email received." languagecode="1033" />
  </description>
  <displayname default="Email Acknowledgement Required">
    <label description="Email Acknowledgement Required" languagecode="1033" />
  </displayname>
  <introducedversion>1.0.0.0</introducedversion>
  <iscustomizable>1</iscustomizable>
  <isrequired>0</isrequired>
  <secretstore>0</secretstore>
  <type>100000002</type>
</environmentvariabledefinition>