<environmentvariabledefinition schemaname="dluhc_SharedMailboxaddress">
  <defaultvalue>None</defaultvalue>
  <description default="Email address of the shared mailbox for the incoming email responses.">
    <label description="Email address of the shared mailbox for the incoming email responses." languagecode="1033" />
  </description>
  <displayname default="Shared Mailbox Address">
    <label description="Shared Mailbox Address" languagecode="1033" />
  </displayname>
  <introducedversion>1.0.0.10</introducedversion>
  <iscustomizable>1</iscustomizable>
  <isrequired>0</isrequired>
  <secretstore>0</secretstore>
  <type>100000000</type>
</environmentvariabledefinition>