{
  "properties": {
    "connectionReferences": {
      "shared_sharepointonline": {
        "runtimeSource": "embedded",
        "connection": {
          "connectionReferenceLogicalName": "dluhc_sharedsharepointonline_cf790"
        },
        "api": {
          "name": "shared_sharepointonline"
        }
      },
      "shared_office365_1": {
        "runtimeSource": "embedded",
        "connection": {
          "connectionReferenceLogicalName": "dluhc_sharedoffice365_a3880"
        },
        "api": {
          "name": "shared_office365"
        }
      },
      "shared_conversionservice": {
        "runtimeSource": "embedded",
        "connection": {
          "connectionReferenceLogicalName": "dluhc_sharedconversionservice_9cb8d"
        },
        "api": {
          "name": "shared_conversionservice"
        }
      }
    },
    "definition": {
      "$schema": "https://schema.management.azure.com/providers/Microsoft.Logic/schemas/2016-06-01/workflowdefinition.json#",
      "contentVersion": "1.0.0.0",
      "parameters": {
        "$connections": {
          "defaultValue": {},
          "type": "Object"
        },
        "$authentication": {
          "defaultValue": {},
          "type": "SecureObject"
        },
        "SharePoint Site URL (dluhc_SharePointSiteURL)": {
          "defaultValue": "https://redcortexdev.sharepoint.com/sites/RCDev-O365-DLUHC-PlanningConsultation",
          "type": "String",
          "metadata": {
            "schemaName": "dluhc_SharePointSiteURL",
            "description": "SharePoint site where the email processing list is hosted"
          }
        },
        "SharePoint List Name (dluhc_SharePointListName)": {
          "defaultValue": "Planning Responses",
          "type": "String",
          "metadata": {
            "schemaName": "dluhc_SharePointListName",
            "description": "List where extract of all panning emails are stored."
          }
        },
        "Email Folder Name (dluhc_EmailFolderName)": {
          "defaultValue": "Inbox",
          "type": "String",
          "metadata": {
            "schemaName": "dluhc_EmailFolderName",
            "description": "If all incoming mails are to be be picked up from a folder."
          }
        },
        "Email Acknowledgement Required (dluhc_EmailAcknowledgementRequired)": {
          "defaultValue": false,
          "type": "Bool",
          "metadata": {
            "schemaName": "dluhc_EmailAcknowledgementRequired",
            "description": "Yes if you want to send acknowledgment of the email received."
          }
        }
      },
      "triggers": {
        "Recurrence": {
          "recurrence": {
            "frequency": "Day",
            "interval": 1,
            "startTime": "2024-03-04T10:00:00Z"
          },
          "metadata": {
            "operationMetadataId": "a18dd31a-177d-449e-b3ba-0b933c98980b"
          },
          "type": "Recurrence"
        }
      },
      "actions": {
        "Check_if_site_exist": {
          "runAfter": {
            "Dynamic_List_Value": [
              "Succeeded"
            ]
          },
          "metadata": {
            "operationMetadataId": "7e8c9e50-dcb7-42c4-9a96-0c0774d5edcf"
          },
          "type": "OpenApiConnection",
          "inputs": {
            "host": {
              "connectionName": "shared_sharepointonline",
              "operationId": "HttpRequest",
              "apiId": "/providers/Microsoft.PowerApps/apis/shared_sharepointonline"
            },
            "parameters": {
              "dataset": "@parameters('SharePoint Site URL (dluhc_SharePointSiteURL)')",
              "parameters/method": "GET",
              "parameters/uri": "_api/web/webinfos"
            },
            "authentication": "@parameters('$authentication')"
          }
        },
        "Error_Details": {
          "runAfter": {
            "Check_if_site_exist": [
              "Failed"
            ]
          },
          "metadata": {
            "operationMetadataId": "0fbf6a41-e98d-46b3-9205-c66c805e4590"
          },
          "type": "Compose",
          "inputs": "@body('Check_if_site_exist')"
        },
        "SharePoint_List_Creation": {
          "actions": {
            "Get_the_list": {
              "runAfter": {},
              "metadata": {
                "operationMetadataId": "199dc9a4-09d4-4749-a7e0-4d8bfbda9186"
              },
              "type": "OpenApiConnection",
              "inputs": {
                "host": {
                  "connectionName": "shared_sharepointonline",
                  "operationId": "HttpRequest",
                  "apiId": "/providers/Microsoft.PowerApps/apis/shared_sharepointonline"
                },
                "parameters": {
                  "dataset": "@parameters('SharePoint Site URL (dluhc_SharePointSiteURL)')",
                  "parameters/method": "GET",
                  "parameters/uri": "_api/web/lists/?$select=Title&$filter=Title eq '@{parameters('SharePoint List Name (dluhc_SharePointListName)')}'"
                },
                "authentication": "@parameters('$authentication')"
              }
            },
            "Number_of_list_returned": {
              "runAfter": {
                "Get_the_list": [
                  "Succeeded"
                ]
              },
              "metadata": {
                "operationMetadataId": "2883cfd1-5028-416d-9e7b-82540037ffc9"
              },
              "type": "Compose",
              "inputs": "@length(body('Get_the_list')?['d']?['results'])"
            },
            "Check_if_list_is_not_created": {
              "actions": {
                "Create_SharePoint_List": {
                  "runAfter": {},
                  "metadata": {
                    "operationMetadataId": "63c2e5e3-1963-4d23-a317-1fd73419f938"
                  },
                  "type": "OpenApiConnection",
                  "inputs": {
                    "host": {
                      "connectionName": "shared_sharepointonline",
                      "operationId": "HttpRequest",
                      "apiId": "/providers/Microsoft.PowerApps/apis/shared_sharepointonline"
                    },
                    "parameters": {
                      "dataset": "@parameters('SharePoint Site URL (dluhc_SharePointSiteURL)')",
                      "parameters/method": "POST",
                      "parameters/uri": "_api/web/Lists/",
                      "parameters/headers": {
                        "content-type": "application/json;odata=verbose",
                        "accept": "application/json;odata=verbose"
                      },
                      "parameters/body": "{ '__metadata': { 'type': 'SP.List' }, 'AllowContentTypes': true,\n 'BaseTemplate': 100, 'ContentTypesEnabled': true, 'Description':'List to store email responses from the consultation process. ', 'Title': '@{parameters('SharePoint List Name (dluhc_SharePointListName)')}' }"
                    },
                    "authentication": "@parameters('$authentication')"
                  }
                },
                "Rename_Title_column_to_Subject": {
                  "runAfter": {
                    "Move_ID_to_First_position_in_view": [
                      "Succeeded"
                    ]
                  },
                  "metadata": {
                    "operationMetadataId": "b5111353-7cef-4221-b8d2-4088a2c2368c"
                  },
                  "type": "OpenApiConnection",
                  "inputs": {
                    "host": {
                      "connectionName": "shared_sharepointonline",
                      "operationId": "HttpRequest",
                      "apiId": "/providers/Microsoft.PowerApps/apis/shared_sharepointonline"
                    },
                    "parameters": {
                      "dataset": "@parameters('SharePoint Site URL (dluhc_SharePointSiteURL)')",
                      "parameters/method": "PATCH",
                      "parameters/uri": "_api/web/Lists/getbytitle('@{parameters('SharePoint List Name (dluhc_SharePointListName)')}')/fields/getbytitle('Title')",
                      "parameters/headers": {
                        "Accept": "application/json;odata=verbose",
                        "Content-Type": "application/json;odata=verbose"
                      },
                      "parameters/body": "{\n\"__metadata\": {\n                    \"type\": \"SP.Field\"\n                },\n                 \"Title\": \"Subject\"\n}"
                    },
                    "authentication": "@parameters('$authentication')"
                  }
                },
                "Create_field_-_Sender_Email": {
                  "runAfter": {
                    "Rename_Title_column_to_Subject": [
                      "Succeeded"
                    ]
                  },
                  "metadata": {
                    "operationMetadataId": "9db9beeb-2445-4e96-9bd5-f2e77318d108"
                  },
                  "type": "OpenApiConnection",
                  "inputs": {
                    "host": {
                      "connectionName": "shared_sharepointonline",
                      "operationId": "HttpRequest",
                      "apiId": "/providers/Microsoft.PowerApps/apis/shared_sharepointonline"
                    },
                    "parameters": {
                      "dataset": "@parameters('SharePoint Site URL (dluhc_SharePointSiteURL)')",
                      "parameters/method": "POST",
                      "parameters/uri": "_api/web/Lists/getByTitle('@{parameters('SharePoint List Name (dluhc_SharePointListName)')}')/fields",
                      "parameters/headers": {
                        "content-type": "application/json;odata=verbose"
                      },
                      "parameters/body": "{\n\"__metadata\": {\n          \"type\": \"SP.FieldText\"\n        },\n        \"FieldTypeKind\": 2,\n        \"Title\": \"Sender Email\"\n}\n"
                    },
                    "authentication": "@parameters('$authentication')"
                  }
                },
                "Add_Sender_Email_to_default_view": {
                  "runAfter": {
                    "Create_field_-_Sender_Email": [
                      "Succeeded"
                    ]
                  },
                  "metadata": {
                    "operationMetadataId": "d5abc1ce-0c99-4249-9778-b2386b295130"
                  },
                  "type": "OpenApiConnection",
                  "inputs": {
                    "host": {
                      "connectionName": "shared_sharepointonline",
                      "operationId": "HttpRequest",
                      "apiId": "/providers/Microsoft.PowerApps/apis/shared_sharepointonline"
                    },
                    "parameters": {
                      "dataset": "@parameters('SharePoint Site URL (dluhc_SharePointSiteURL)')",
                      "parameters/method": "POST",
                      "parameters/uri": "_api/web/Lists/getByTitle('@{parameters('SharePoint List Name (dluhc_SharePointListName)')}')/views/GetByTitle('All%20Items')/ViewFields/AddViewField('Sender Email')"
                    },
                    "authentication": "@parameters('$authentication')"
                  }
                },
                "Create_field_-_Status": {
                  "runAfter": {
                    "Add_Sender_Email_to_default_view": [
                      "Succeeded"
                    ]
                  },
                  "metadata": {
                    "operationMetadataId": "112cbfe7-7d3b-4967-9646-1b453ef39b66"
                  },
                  "type": "OpenApiConnection",
                  "inputs": {
                    "host": {
                      "connectionName": "shared_sharepointonline",
                      "operationId": "HttpRequest",
                      "apiId": "/providers/Microsoft.PowerApps/apis/shared_sharepointonline"
                    },
                    "parameters": {
                      "dataset": "@parameters('SharePoint Site URL (dluhc_SharePointSiteURL)')",
                      "parameters/method": "POST",
                      "parameters/uri": "_api/web/Lists/getByTitle('@{parameters('SharePoint List Name (dluhc_SharePointListName)')}')/fields",
                      "parameters/headers": {
                        "content-type": "application/json;odata=verbose"
                      },
                      "parameters/body": "{\n\"__metadata\": {\n          \"type\": \"SP.FieldChoice\"\n        },\n        \"FieldTypeKind\": 6,\n        \"Title\": \"Status\",\n        \"Choices\": {\n          \"__metadata\": {\n            \"type\": \"Collection(Edm.String)\"\n          },\n          \"results\": [\n            \"New\",\n            \"Under review\",\n            \"Completed\"\n          ]\n        }\n}"
                    },
                    "authentication": "@parameters('$authentication')"
                  }
                },
                "Add_Status_to_default_view": {
                  "runAfter": {
                    "Create_field_-_Status": [
                      "Succeeded"
                    ]
                  },
                  "metadata": {
                    "operationMetadataId": "32e008a8-ecf5-413b-b28e-bd0be8141e48"
                  },
                  "type": "OpenApiConnection",
                  "inputs": {
                    "host": {
                      "connectionName": "shared_sharepointonline",
                      "operationId": "HttpRequest",
                      "apiId": "/providers/Microsoft.PowerApps/apis/shared_sharepointonline"
                    },
                    "parameters": {
                      "dataset": "@parameters('SharePoint Site URL (dluhc_SharePointSiteURL)')",
                      "parameters/method": "POST",
                      "parameters/uri": "_api/web/Lists/getByTitle('@{parameters('SharePoint List Name (dluhc_SharePointListName)')}')/views/GetByTitle('All%20Items')/ViewFields/AddViewField('Status')"
                    },
                    "authentication": "@parameters('$authentication')"
                  }
                },
                "Create_field_-_Email_Date": {
                  "runAfter": {
                    "Add_Status_to_default_view": [
                      "Succeeded"
                    ]
                  },
                  "metadata": {
                    "operationMetadataId": "a2bd0e34-dd7e-4c31-94a5-0ec181ef3b39"
                  },
                  "type": "OpenApiConnection",
                  "inputs": {
                    "host": {
                      "connectionName": "shared_sharepointonline",
                      "operationId": "HttpRequest",
                      "apiId": "/providers/Microsoft.PowerApps/apis/shared_sharepointonline"
                    },
                    "parameters": {
                      "dataset": "@parameters('SharePoint Site URL (dluhc_SharePointSiteURL)')",
                      "parameters/method": "POST",
                      "parameters/uri": "_api/web/Lists/getByTitle('@{parameters('SharePoint List Name (dluhc_SharePointListName)')}')/fields",
                      "parameters/headers": {
                        "content-type": "application/json;odata=verbose"
                      },
                      "parameters/body": "{\n    '__metadata': {'type':'SP.FieldDateTime'},\n    'FieldTypeKind': 4,\n    'Title': 'Email Date',\n    'DisplayFormat': 0\n}"
                    },
                    "authentication": "@parameters('$authentication')"
                  }
                },
                "Add_Email_Date_to_default_view": {
                  "runAfter": {
                    "Create_field_-_Email_Date": [
                      "Succeeded"
                    ]
                  },
                  "metadata": {
                    "operationMetadataId": "37b2b64e-0ab0-4010-8ce0-970bfd228bf7"
                  },
                  "type": "OpenApiConnection",
                  "inputs": {
                    "host": {
                      "connectionName": "shared_sharepointonline",
                      "operationId": "HttpRequest",
                      "apiId": "/providers/Microsoft.PowerApps/apis/shared_sharepointonline"
                    },
                    "parameters": {
                      "dataset": "@parameters('SharePoint Site URL (dluhc_SharePointSiteURL)')",
                      "parameters/method": "POST",
                      "parameters/uri": "_api/web/Lists/getByTitle('@{parameters('SharePoint List Name (dluhc_SharePointListName)')}')/views/GetByTitle('All%20Items')/ViewFields/AddViewField('Email Date')"
                    },
                    "authentication": "@parameters('$authentication')"
                  }
                },
                "Create_field_-_From_communities": {
                  "runAfter": {
                    "Add_Email_Date_to_default_view": [
                      "Succeeded"
                    ]
                  },
                  "metadata": {
                    "operationMetadataId": "71f8d945-dec4-4389-8c2e-cf73e4f03dc9"
                  },
                  "type": "OpenApiConnection",
                  "inputs": {
                    "host": {
                      "connectionName": "shared_sharepointonline",
                      "operationId": "HttpRequest",
                      "apiId": "/providers/Microsoft.PowerApps/apis/shared_sharepointonline"
                    },
                    "parameters": {
                      "dataset": "@parameters('SharePoint Site URL (dluhc_SharePointSiteURL)')",
                      "parameters/method": "POST",
                      "parameters/uri": "_api/web/Lists/getByTitle('@{parameters('SharePoint List Name (dluhc_SharePointListName)')}')/fields",
                      "parameters/headers": {
                        "content-type": "application/json;odata=verbose"
                      },
                      "parameters/body": "{\n\"__metadata\": {\n          \"type\": \"SP.Field\"\n        },\n        \"FieldTypeKind\": 8,\n        \"Title\": \"From communities\",\n\"DefaultValue\": \"No\"\n}"
                    },
                    "authentication": "@parameters('$authentication')"
                  }
                },
                "Add_From_communities_to_default_view": {
                  "runAfter": {
                    "Create_field_-_From_communities": [
                      "Succeeded"
                    ]
                  },
                  "metadata": {
                    "operationMetadataId": "cbbf902b-4f17-4a17-88df-856e6b64eaca"
                  },
                  "type": "OpenApiConnection",
                  "inputs": {
                    "host": {
                      "connectionName": "shared_sharepointonline",
                      "operationId": "HttpRequest",
                      "apiId": "/providers/Microsoft.PowerApps/apis/shared_sharepointonline"
                    },
                    "parameters": {
                      "dataset": "@parameters('SharePoint Site URL (dluhc_SharePointSiteURL)')",
                      "parameters/method": "POST",
                      "parameters/uri": "_api/web/Lists/getByTitle('@{parameters('SharePoint List Name (dluhc_SharePointListName)')}')/views/GetByTitle('All%20Items')/ViewFields/AddViewField('From communities')"
                    },
                    "authentication": "@parameters('$authentication')"
                  }
                },
                "Add_List_to_the_Quick_Launch_bar": {
                  "runAfter": {
                    "Add_Attachments_to_default_view": [
                      "Succeeded"
                    ]
                  },
                  "metadata": {
                    "operationMetadataId": "6622a92b-e78d-42de-959c-19e40be02986"
                  },
                  "type": "OpenApiConnection",
                  "inputs": {
                    "host": {
                      "connectionName": "shared_sharepointonline",
                      "operationId": "HttpRequest",
                      "apiId": "/providers/Microsoft.PowerApps/apis/shared_sharepointonline"
                    },
                    "parameters": {
                      "dataset": "@parameters('SharePoint Site URL (dluhc_SharePointSiteURL)')",
                      "parameters/method": "POST",
                      "parameters/uri": "_api/web/navigation/QuickLaunch",
                      "parameters/headers": {
                        "Accept": "application/json;odata=verbose",
                        "Content-Type": "application/json;odata=verbose"
                      },
                      "parameters/body": "{\"__metadata\":{\n\"type\": \"SP.NavigationNode\"\n},\n\"Title\": \"@{parameters('SharePoint List Name (dluhc_SharePointListName)')}\",\n\"Url\":\"@{parameters('SharePoint Site URL (dluhc_SharePointSiteURL)')}/Lists/@{parameters('SharePoint List Name (dluhc_SharePointListName)')}\"\n}"
                    },
                    "authentication": "@parameters('$authentication')"
                  }
                },
                "Add_Attachments_to_default_view": {
                  "runAfter": {
                    "Add_Email_Link_to_default_view": [
                      "Succeeded"
                    ]
                  },
                  "metadata": {
                    "operationMetadataId": "cbbf902b-4f17-4a17-88df-856e6b64eaca"
                  },
                  "type": "OpenApiConnection",
                  "inputs": {
                    "host": {
                      "connectionName": "shared_sharepointonline",
                      "operationId": "HttpRequest",
                      "apiId": "/providers/Microsoft.PowerApps/apis/shared_sharepointonline"
                    },
                    "parameters": {
                      "dataset": "@parameters('SharePoint Site URL (dluhc_SharePointSiteURL)')",
                      "parameters/method": "POST",
                      "parameters/uri": "_api/web/Lists/getByTitle('@{parameters('SharePoint List Name (dluhc_SharePointListName)')}')/views/GetByTitle('All%20Items')/ViewFields/AddViewField('Attachments')"
                    },
                    "authentication": "@parameters('$authentication')"
                  }
                },
                "Create_folder_in_Documents_library": {
                  "runAfter": {
                    "Add_List_to_the_Quick_Launch_bar": [
                      "Succeeded"
                    ]
                  },
                  "metadata": {
                    "operationMetadataId": "db08994e-b20d-44d2-af25-7df19d3bb51d"
                  },
                  "type": "OpenApiConnection",
                  "inputs": {
                    "host": {
                      "connectionName": "shared_sharepointonline",
                      "operationId": "CreateNewFolder",
                      "apiId": "/providers/Microsoft.PowerApps/apis/shared_sharepointonline"
                    },
                    "parameters": {
                      "dataset": "@parameters('SharePoint Site URL (dluhc_SharePointSiteURL)')",
                      "table": "dc92b676-9453-4d54-90e5-38eedcf1b096",
                      "parameters/path": "@parameters('SharePoint List Name (dluhc_SharePointListName)')"
                    },
                    "authentication": "@parameters('$authentication')"
                  }
                },
                "Create_field_-_Email_Link": {
                  "runAfter": {
                    "Add_Email_body_to_default_view": [
                      "Succeeded"
                    ]
                  },
                  "metadata": {
                    "operationMetadataId": "71f8d945-dec4-4389-8c2e-cf73e4f03dc9"
                  },
                  "type": "OpenApiConnection",
                  "inputs": {
                    "host": {
                      "connectionName": "shared_sharepointonline",
                      "operationId": "HttpRequest",
                      "apiId": "/providers/Microsoft.PowerApps/apis/shared_sharepointonline"
                    },
                    "parameters": {
                      "dataset": "@parameters('SharePoint Site URL (dluhc_SharePointSiteURL)')",
                      "parameters/method": "POST",
                      "parameters/uri": "_api/web/Lists/getByTitle('@{parameters('SharePoint List Name (dluhc_SharePointListName)')}')/fields",
                      "parameters/headers": {
                        "content-type": "application/json;odata=verbose"
                      },
                      "parameters/body": "{\n\"__metadata\": {\n          \"type\": \"SP.Field\"\n        },\n        \"FieldTypeKind\": 11,\n        \"Title\": \"Email Link\",\n\"DefaultValue\": \"No\"\n}"
                    },
                    "authentication": "@parameters('$authentication')"
                  }
                },
                "Add_Email_Link_to_default_view": {
                  "runAfter": {
                    "Create_field_-_Email_Link": [
                      "Succeeded"
                    ]
                  },
                  "metadata": {
                    "operationMetadataId": "cbbf902b-4f17-4a17-88df-856e6b64eaca"
                  },
                  "type": "OpenApiConnection",
                  "inputs": {
                    "host": {
                      "connectionName": "shared_sharepointonline",
                      "operationId": "HttpRequest",
                      "apiId": "/providers/Microsoft.PowerApps/apis/shared_sharepointonline"
                    },
                    "parameters": {
                      "dataset": "@parameters('SharePoint Site URL (dluhc_SharePointSiteURL)')",
                      "parameters/method": "POST",
                      "parameters/uri": "_api/web/Lists/getByTitle('@{parameters('SharePoint List Name (dluhc_SharePointListName)')}')/views/GetByTitle('All%20Items')/ViewFields/AddViewField('Email Link')"
                    },
                    "authentication": "@parameters('$authentication')"
                  }
                },
                "Add_ID_to_default_view": {
                  "runAfter": {
                    "Create_SharePoint_List": [
                      "Succeeded"
                    ]
                  },
                  "metadata": {
                    "operationMetadataId": "d5abc1ce-0c99-4249-9778-b2386b295130"
                  },
                  "type": "OpenApiConnection",
                  "inputs": {
                    "host": {
                      "connectionName": "shared_sharepointonline",
                      "operationId": "HttpRequest",
                      "apiId": "/providers/Microsoft.PowerApps/apis/shared_sharepointonline"
                    },
                    "parameters": {
                      "dataset": "@parameters('SharePoint Site URL (dluhc_SharePointSiteURL)')",
                      "parameters/method": "POST",
                      "parameters/uri": "_api/web/Lists/getByTitle('@{parameters('SharePoint List Name (dluhc_SharePointListName)')}')/views/GetByTitle('All%20Items')/ViewFields/AddViewField('ID')"
                    },
                    "authentication": "@parameters('$authentication')"
                  }
                },
                "Create_field_-_Email_Body": {
                  "runAfter": {
                    "Add_From_communities_to_default_view": [
                      "Succeeded"
                    ]
                  },
                  "metadata": {
                    "operationMetadataId": "71f8d945-dec4-4389-8c2e-cf73e4f03dc9"
                  },
                  "type": "OpenApiConnection",
                  "inputs": {
                    "host": {
                      "connectionName": "shared_sharepointonline",
                      "operationId": "HttpRequest",
                      "apiId": "/providers/Microsoft.PowerApps/apis/shared_sharepointonline"
                    },
                    "parameters": {
                      "dataset": "@parameters('SharePoint Site URL (dluhc_SharePointSiteURL)')",
                      "parameters/method": "POST",
                      "parameters/uri": "_api/web/Lists/getByTitle('@{parameters('SharePoint List Name (dluhc_SharePointListName)')}')/fields",
                      "parameters/headers": {
                        "content-type": "application/json;odata=verbose"
                      },
                      "parameters/body": "{\n\"__metadata\": {\n          \"type\": \"SP.Field\"\n        },\n        \"FieldTypeKind\": 3,\n        \"Title\": \"Email Body\",\n\"DefaultValue\": \"No\"\n}"
                    },
                    "authentication": "@parameters('$authentication')"
                  }
                },
                "Add_Email_body_to_default_view": {
                  "runAfter": {
                    "Create_field_-_Email_Body": [
                      "Succeeded"
                    ]
                  },
                  "metadata": {
                    "operationMetadataId": "d5abc1ce-0c99-4249-9778-b2386b295130"
                  },
                  "type": "OpenApiConnection",
                  "inputs": {
                    "host": {
                      "connectionName": "shared_sharepointonline",
                      "operationId": "HttpRequest",
                      "apiId": "/providers/Microsoft.PowerApps/apis/shared_sharepointonline"
                    },
                    "parameters": {
                      "dataset": "@parameters('SharePoint Site URL (dluhc_SharePointSiteURL)')",
                      "parameters/method": "POST",
                      "parameters/uri": "_api/web/Lists/getByTitle('@{parameters('SharePoint List Name (dluhc_SharePointListName)')}')/views/GetByTitle('All%20Items')/ViewFields/AddViewField('Email Body')"
                    },
                    "authentication": "@parameters('$authentication')"
                  }
                },
                "Move_ID_to_First_position_in_view": {
                  "runAfter": {
                    "Add_ID_to_default_view": [
                      "Succeeded"
                    ]
                  },
                  "metadata": {
                    "operationMetadataId": "d5abc1ce-0c99-4249-9778-b2386b295130"
                  },
                  "type": "OpenApiConnection",
                  "inputs": {
                    "host": {
                      "connectionName": "shared_sharepointonline",
                      "operationId": "HttpRequest",
                      "apiId": "/providers/Microsoft.PowerApps/apis/shared_sharepointonline"
                    },
                    "parameters": {
                      "dataset": "@parameters('SharePoint Site URL (dluhc_SharePointSiteURL)')",
                      "parameters/method": "POST",
                      "parameters/uri": "_api/web/Lists/getByTitle('@{parameters('SharePoint List Name (dluhc_SharePointListName)')}')/views/GetByTitle('All%20Items')/ViewFields/moveViewFieldTo",
                      "parameters/headers": {
                        "Content-Type": "application/json;odata=verbose",
                        "Accept": "application/json;odata=verbose"
                      },
                      "parameters/body": "{ \"field\": \"ID\", \"index\": 0 }"
                    },
                    "authentication": "@parameters('$authentication')"
                  }
                }
              },
              "runAfter": {
                "Number_of_list_returned": [
                  "Succeeded"
                ]
              },
              "expression": {
                "equals": [
                  "@outputs('Number_of_list_returned')",
                  0
                ]
              },
              "metadata": {
                "operationMetadataId": "063b414e-b18a-4160-ad81-791c1109c1a2"
              },
              "type": "If"
            }
          },
          "runAfter": {
            "Check_if_site_exist": [
              "Succeeded"
            ]
          },
          "metadata": {
            "operationMetadataId": "96396034-311f-492c-bf09-ddf55c9b8fc1"
          },
          "type": "Scope"
        },
        "Number_of_emails_to_be_processed": {
          "runAfter": {
            "SharePoint_List_Creation": [
              "Succeeded"
            ]
          },
          "metadata": {
            "operationMetadataId": "0657dbda-a418-4d38-9972-4b4b4adb6388"
          },
          "type": "InitializeVariable",
          "inputs": {
            "variables": [
              {
                "name": "Number of Emails",
                "type": "integer",
                "value": 0
              }
            ]
          }
        },
        "Do_until": {
          "actions": {
            "Get_emails_from_Mailbox": {
              "runAfter": {},
              "metadata": {
                "operationMetadataId": "d00fa5e1-56d0-4b33-b7d3-e699a702e79e"
              },
              "type": "OpenApiConnection",
              "inputs": {
                "host": {
                  "connectionName": "shared_office365_1",
                  "operationId": "GetEmailsV3",
                  "apiId": "/providers/Microsoft.PowerApps/apis/shared_office365"
                },
                "parameters": {
                  "folderPath": "@parameters('Email Folder Name (dluhc_EmailFolderName)')",
                  "fetchOnlyUnread": true,
                  "includeAttachments": true,
                  "top": 20,
                  "importance": "Any",
                  "fetchOnlyWithAttachment": false
                },
                "authentication": "@parameters('$authentication')"
              }
            },
            "Apply_to_each_unread_email": {
              "foreach": "@outputs('Get_emails_from_Mailbox')?['body/value']",
              "actions": {
                "Apply_to_each_Attachment": {
                  "foreach": "@items('Apply_to_each_unread_email')?['attachments']",
                  "actions": {
                    "Get_Attachment_(V2)": {
                      "runAfter": {},
                      "metadata": {
                        "operationMetadataId": "94003c15-2e99-45de-a737-746f9d776350"
                      },
                      "type": "OpenApiConnection",
                      "inputs": {
                        "host": {
                          "connectionName": "shared_office365_1",
                          "operationId": "GetAttachment_V2",
                          "apiId": "/providers/Microsoft.PowerApps/apis/shared_office365"
                        },
                        "parameters": {
                          "messageId": "@items('Apply_to_each_unread_email')?['id']",
                          "attachmentId": "@items('Apply_to_each_Attachment')?['id']"
                        },
                        "authentication": "@parameters('$authentication')"
                      }
                    },
                    "Add_attachment_to_the_item": {
                      "runAfter": {
                        "Get_Attachment_(V2)": [
                          "Succeeded"
                        ]
                      },
                      "metadata": {
                        "operationMetadataId": "bb9db90b-edac-4462-b5f3-dda5063fec4e"
                      },
                      "type": "OpenApiConnection",
                      "inputs": {
                        "host": {
                          "connectionName": "shared_sharepointonline",
                          "operationId": "CreateAttachment",
                          "apiId": "/providers/Microsoft.PowerApps/apis/shared_sharepointonline"
                        },
                        "parameters": {
                          "dataset": "@parameters('SharePoint Site URL (dluhc_SharePointSiteURL)')",
                          "table": "@outputs('Dynamic_List_Value')",
                          "itemId": "@outputs('Create_item_dynamically')?['body/ID']",
                          "displayName": "@outputs('Get_Attachment_(V2)')?['body/name']",
                          "body": "@outputs('Get_Attachment_(V2)')?['body/contentBytes']"
                        },
                        "authentication": "@parameters('$authentication')"
                      }
                    }
                  },
                  "runAfter": {
                    "Create_item_dynamically": [
                      "Succeeded"
                    ]
                  },
                  "metadata": {
                    "operationMetadataId": "57f954ab-0f13-4f9b-b7d7-7f30eaa4fbbc"
                  },
                  "type": "Foreach"
                },
                "Mark_email_as_read": {
                  "runAfter": {
                    "Check_for_Acknowledgment": [
                      "Succeeded"
                    ]
                  },
                  "metadata": {
                    "operationMetadataId": "07374e34-5779-4585-9ee0-a06b7a6284db"
                  },
                  "type": "OpenApiConnection",
                  "inputs": {
                    "host": {
                      "connectionName": "shared_office365_1",
                      "operationId": "MarkAsRead_V3",
                      "apiId": "/providers/Microsoft.PowerApps/apis/shared_office365"
                    },
                    "parameters": {
                      "messageId": "@items('Apply_to_each_unread_email')?['id']",
                      "body/isRead": true
                    },
                    "authentication": "@parameters('$authentication')"
                  }
                },
                "Check_for_Acknowledgment": {
                  "actions": {
                    "Send_an_acknowledgment_email": {
                      "runAfter": {},
                      "metadata": {
                        "operationMetadataId": "b014f053-4809-4da3-895f-056d8d3ed85b"
                      },
                      "type": "OpenApiConnection",
                      "inputs": {
                        "host": {
                          "connectionName": "shared_office365_1",
                          "operationId": "SendEmailV2",
                          "apiId": "/providers/Microsoft.PowerApps/apis/shared_office365"
                        },
                        "parameters": {
                          "emailMessage/To": "@items('Apply_to_each_unread_email')?['from']",
                          "emailMessage/Subject": "Your planning consultation feedback is successfully recorded.",
                          "emailMessage/Body": "<p>We will be in touch with you shortly.</p>",
                          "emailMessage/Importance": "Normal"
                        },
                        "authentication": "@parameters('$authentication')"
                      }
                    }
                  },
                  "runAfter": {
                    "Apply_to_each_Attachment": [
                      "Succeeded"
                    ]
                  },
                  "expression": {
                    "equals": [
                      "@parameters('Email Acknowledgement Required (dluhc_EmailAcknowledgementRequired)')",
                      true
                    ]
                  },
                  "metadata": {
                    "operationMetadataId": "57d4686e-0d57-492a-b559-675dce254a1a"
                  },
                  "type": "If"
                },
                "Split_From_email_address": {
                  "runAfter": {},
                  "metadata": {
                    "operationMetadataId": "062fe9dd-7002-4744-88f2-4b11fcd24fd3"
                  },
                  "type": "Compose",
                  "inputs": "@split(items('Apply_to_each_unread_email')?['from'], '@')[sub(length(split(items('Apply_to_each_unread_email')?['from'], '@')), 1)]"
                },
                "Check_for_communities_mailbox": {
                  "actions": {
                    "Set_from_communities_email_address": {
                      "runAfter": {},
                      "metadata": {
                        "operationMetadataId": "d968b93c-3d8e-4aab-b944-b6af6bc577d6"
                      },
                      "type": "SetVariable",
                      "inputs": {
                        "name": "From communities email address",
                        "value": true
                      }
                    }
                  },
                  "runAfter": {
                    "Split_From_email_address": [
                      "Succeeded"
                    ]
                  },
                  "expression": {
                    "equals": [
                      "@outputs('Split_From_email_address')",
                      "communities.gov.uk"
                    ]
                  },
                  "metadata": {
                    "operationMetadataId": "7776caae-d657-41f1-b65a-53a494b43494"
                  },
                  "type": "If"
                },
                "Set_from_communities_variable_to_default_value": {
                  "runAfter": {
                    "Mark_email_as_read": [
                      "Succeeded"
                    ]
                  },
                  "metadata": {
                    "operationMetadataId": "f53c2b41-c8c0-42ab-a0fc-4277bf8ad176"
                  },
                  "type": "SetVariable",
                  "inputs": {
                    "name": "From communities email address",
                    "value": false
                  }
                },
                "Export_current_email": {
                  "runAfter": {
                    "Check_for_communities_mailbox": [
                      "Succeeded"
                    ]
                  },
                  "metadata": {
                    "operationMetadataId": "9b643d4d-733f-4714-b3b4-c2a227ab6b84"
                  },
                  "type": "OpenApiConnection",
                  "inputs": {
                    "host": {
                      "connectionName": "shared_office365_1",
                      "operationId": "ExportEmail_V2",
                      "apiId": "/providers/Microsoft.PowerApps/apis/shared_office365"
                    },
                    "parameters": {
                      "messageId": "@items('Apply_to_each_unread_email')?['id']"
                    },
                    "authentication": "@parameters('$authentication')"
                  }
                },
                "Save_email_message": {
                  "runAfter": {
                    "Export_current_email": [
                      "Succeeded"
                    ]
                  },
                  "metadata": {
                    "operationMetadataId": "fed83edd-c352-4703-8f37-92da8034d1f3"
                  },
                  "type": "OpenApiConnection",
                  "inputs": {
                    "host": {
                      "connectionName": "shared_sharepointonline",
                      "operationId": "CreateFile",
                      "apiId": "/providers/Microsoft.PowerApps/apis/shared_sharepointonline"
                    },
                    "parameters": {
                      "dataset": "@parameters('SharePoint Site URL (dluhc_SharePointSiteURL)')",
                      "folderPath": "/Shared Documents/@{parameters('SharePoint List Name (dluhc_SharePointListName)')}",
                      "name": "@{items('Apply_to_each_unread_email')?['receivedDateTime']}.@{items('Apply_to_each_unread_email')?['subject']}.msg",
                      "body": "@body('Export_current_email')"
                    },
                    "authentication": "@parameters('$authentication')"
                  },
                  "runtimeConfiguration": {
                    "contentTransfer": {
                      "transferMode": "Chunked"
                    }
                  }
                },
                "Create_sharing_link_for_a_file_or_folder": {
                  "runAfter": {
                    "Save_email_message": [
                      "Succeeded"
                    ]
                  },
                  "metadata": {
                    "operationMetadataId": "0202a495-32df-4a3a-b33d-9bbe46cd5a38"
                  },
                  "type": "OpenApiConnection",
                  "inputs": {
                    "host": {
                      "connectionName": "shared_sharepointonline",
                      "operationId": "CreateSharingLink",
                      "apiId": "/providers/Microsoft.PowerApps/apis/shared_sharepointonline"
                    },
                    "parameters": {
                      "dataset": "@parameters('SharePoint Site URL (dluhc_SharePointSiteURL)')",
                      "table": "dc92b676-9453-4d54-90e5-38eedcf1b096",
                      "id": "@outputs('Save_email_message')?['body/ItemId']",
                      "permission/type": "view",
                      "permission/scope": "organization"
                    },
                    "authentication": "@parameters('$authentication')"
                  }
                },
                "Create_item_dynamically": {
                  "runAfter": {
                    "Convert_email_body_to_text": [
                      "Succeeded"
                    ]
                  },
                  "metadata": {
                    "operationMetadataId": "c7bec3b6-7ad5-4722-8623-2ff88be1369e"
                  },
                  "type": "OpenApiConnection",
                  "inputs": {
                    "host": {
                      "connectionName": "shared_sharepointonline",
                      "operationId": "PostItem",
                      "apiId": "/providers/Microsoft.PowerApps/apis/shared_sharepointonline"
                    },
                    "parameters": {
                      "dataset": "@parameters('SharePoint Site URL (dluhc_SharePointSiteURL)')",
                      "table": "@outputs('Dynamic_List_Value')",
                      "item": {
                        "Title": "@{items('Apply_to_each_unread_email')?['subject']}",
                        "Sender_x0020_Email": "@{items('Apply_to_each_unread_email')?['from']}",
                        "Status": {
                          "Value": "New"
                        },
                        "Email_x0020_Date": "@{items('Apply_to_each_unread_email')?['receivedDateTime']}",
                        "From_x0020_communities": "@{variables('From communities email address')}",
                        "Email_x0020_Link": "@{outputs('Create_sharing_link_for_a_file_or_folder')?['body/link/webUrl']}",
                        "Email_x0020_Body": "@{body('Convert_email_body_to_text')}"
                      }
                    },
                    "authentication": "@parameters('$authentication')"
                  }
                },
                "Convert_email_body_to_text": {
                  "runAfter": {
                    "Create_sharing_link_for_a_file_or_folder": [
                      "Succeeded"
                    ]
                  },
                  "metadata": {
                    "operationMetadataId": "213b7434-d412-40a8-a43d-8d58c4619a96"
                  },
                  "type": "OpenApiConnection",
                  "inputs": {
                    "host": {
                      "connectionName": "shared_conversionservice",
                      "operationId": "HtmlToText",
                      "apiId": "/providers/Microsoft.PowerApps/apis/shared_conversionservice"
                    },
                    "parameters": {
                      "Content": "<p>@{items('Apply_to_each_unread_email')?['body']}</p>"
                    },
                    "authentication": "@parameters('$authentication')"
                  }
                }
              },
              "runAfter": {
                "Set_Number_of_Emails_variable": [
                  "Succeeded"
                ]
              },
              "metadata": {
                "operationMetadataId": "36d596ba-1355-45ea-a005-ddfe5b3ef309"
              },
              "type": "Foreach",
              "runtimeConfiguration": {
                "concurrency": {
                  "repetitions": 1
                }
              }
            },
            "Set_Number_of_Emails_variable": {
              "runAfter": {
                "Get_emails_from_Mailbox": [
                  "Succeeded"
                ]
              },
              "metadata": {
                "operationMetadataId": "dcc43b2f-9b19-4968-a7bc-1b818087e8fa"
              },
              "type": "SetVariable",
              "inputs": {
                "name": "Number of Emails",
                "value": "@length(outputs('Get_emails_from_Mailbox')?['body/value'])"
              }
            }
          },
          "runAfter": {
            "From_communities_email_address": [
              "Succeeded"
            ]
          },
          "expression": "@equals(variables('Number of Emails'), 0)",
          "limit": {
            "count": 60,
            "timeout": "PT1H"
          },
          "metadata": {
            "operationMetadataId": "cb8b2954-0a91-4684-95ae-9335aa1d4761"
          },
          "type": "Until"
        },
        "From_communities_email_address": {
          "runAfter": {
            "Number_of_emails_to_be_processed": [
              "Succeeded"
            ]
          },
          "metadata": {
            "operationMetadataId": "45ef14a4-177f-496a-8843-db9ab5bd39f8"
          },
          "type": "InitializeVariable",
          "inputs": {
            "variables": [
              {
                "name": "From communities email address",
                "type": "boolean",
                "value": false
              }
            ]
          }
        },
        "Dynamic_List_Value": {
          "runAfter": {},
          "metadata": {
            "operationMetadataId": "a3794dcd-ba8b-4881-a129-aab142da985d"
          },
          "type": "Compose",
          "inputs": "@parameters('SharePoint List Name (dluhc_SharePointListName)')"
        }
      }
    },
    "templateName": ""
  },
  "schemaVersion": "1.0.0.0"
}