<environmentvariabledefinition schemaname="dluhc_EmailFolderName">
  <defaultvalue>Inbox</defaultvalue>
  <description default="If all incoming mails are to be be picked up from a folder.">
    <label description="If all incoming mails are to be be picked up from a folder." languagecode="1033" />
  </description>
  <displayname default="Email Folder Name">
    <label description="Email Folder Name" languagecode="1033" />
  </displayname>
  <introducedversion>1.0.0.0</introducedversion>
  <iscustomizable>1</iscustomizable>
  <isrequired>0</isrequired>
  <secretstore>0</secretstore>
  <type>100000000</type>
</environmentvariabledefinition>