<environmentvariabledefinition schemaname="dluhc_SharePointSiteURL">
  <description default="SharePoint site where the email processing list is hosted">
    <label description="SharePoint site where the email processing list is hosted" languagecode="1033" />
  </description>
  <displayname default="SharePoint Site URL">
    <label description="SharePoint Site URL" languagecode="1033" />
  </displayname>
  <introducedversion>1.0.0.0</introducedversion>
  <iscustomizable>1</iscustomizable>
  <isrequired>0</isrequired>
  <secretstore>0</secretstore>
  <type>100000000</type>
</environmentvariabledefinition>